image,name,price
https://images.unsplash.com/photo-1495856458515-0637185db551?ixlib=rb-1.2.1&ixid=eyJhcHBfaWQiOjEyMDd9&auto=format&fit=crop&w=750&q=80,CLASSIC WATCH,123
https://images.unsplash.com/photo-1524592094714-0f0654e20314?ixlib=rb-1.2.1&auto=format&fit=crop&w=689&q=80,OLD WATCH,95
https://images.unsplash.com/photo-1532667449560-72a95c8d381b?ixlib=rb-1.2.1&auto=format&fit=crop&w=750&q=80,CLASSIC-2 WATCH,125
https://images.unsplash.com/photo-1542496658-e33a6d0d50f6?ixlib=rb-1.2.1&ixid=eyJhcHBfaWQiOjEyMDd9&auto=format&fit=crop&w=750&q=80,FOSSIL WATCH,180
https://images.unsplash.com/photo-1434056886845-dac89ffe9b56?ixlib=rb-1.2.1&ixid=eyJhcHBfaWQiOjEyMDd9&auto=format&fit=crop&w=750&q=80,BRAUN WATCH,49
https://images.unsplash.com/photo-1526045431048-f857369baa09?ixlib=rb-1.2.1&auto=format&fit=crop&w=750&q=80,ROLEX-1 WATCH,86
https://images.unsplash.com/photo-1495857000853-fe46c8aefc30?ixlib=rb-1.2.1&ixid=eyJhcHBfaWQiOjEyMDd9&auto=format&fit=crop&w=750&q=80,MVMTX WATCH,100
https://images.unsplash.com/photo-1444881421460-d838c3b98f95?ixlib=rb-1.2.1&ixid=eyJhcHBfaWQiOjEyMDd9&auto=format&fit=crop&w=889&q=80,BREITLING WATCH,180
'https://images.unsplash.com/photo-1495856458515-0637185db551?ixlib=rb-1.2.1&ixid=eyJhcHBfaWQiOjEyMDd9&auto=format&fit=crop&w=750&q=80,CLASSIC-3 WATCH,123
https://images.unsplash.com/photo-1524592094714-0f0654e20314?ixlib=rb-1.2.1&auto=format&fit=crop&w=689&q=80,OLD-2 WATCH,95
https://images.unsplash.com/photo-1542496658-e33a6d0d50f6?ixlib=rb-1.2.1&ixid=eyJhcHBfaWQiOjEyMDd9&auto=format&fit=crop&w=750&q=80,CLASSIC-4 WATCH,125